{
    "total_runtime": 272.6790437698364,
    "num_documents": 1,
    "input_load_time": 0,
    "workflows": {
        "create_summarized_entities": {
            "overall": 29.440292835235596,
            "0_summarize_descriptions": 29.43912100791931
        },
        "create_base_entity_graph": {
            "overall": 0.16737008094787598,
            "0_cluster_graph": 0.16497421264648438,
            "1_select": 0.0013399124145507812
        },
        "create_final_entities": {
            "overall": 3.6510331630706787,
            "0_unpack_graph": 0.00962209701538086,
            "1_rename": 0.0017061233520507812,
            "2_select": 0.0018820762634277344,
            "3_dedupe": 0.0019049644470214844,
            "4_rename": 0.0018191337585449219,
            "5_filter": 0.007395267486572266,
            "6_text_split": 0.0028679370880126953,
            "7_drop": 0.0024101734161376953,
            "8_merge": 0.008970022201538086,
            "9_text_embed": 3.59822678565979,
            "10_drop": 0.003935098648071289,
            "11_filter": 0.008816957473754883
        },
        "create_final_nodes": {
            "overall": 0.1370527744293213,
            "0_layout_graph": 0.06591415405273438,
            "1_unpack_graph": 0.013264894485473633,
            "2_unpack_graph": 0.012732267379760742,
            "3_filter": 0.009068965911865234,
            "4_drop": 0.0034101009368896484,
            "5_select": 0.003119945526123047,
            "6_rename": 0.003240823745727539,
            "7_convert": 0.013565301895141602,
            "8_join": 0.0062258243560791016,
            "9_rename": 0.0037529468536376953
        },
        "create_final_communities": {
            "overall": 0.11956405639648438,
            "0_unpack_graph": 0.01196599006652832,
            "1_unpack_graph": 0.015933990478515625,
            "2_aggregate_override": 0.005419015884399414,
            "3_join": 0.0071277618408203125,
            "4_join": 0.006802797317504883,
            "5_concat": 0.004590034484863281,
            "6_filter": 0.018156051635742188,
            "7_aggregate_override": 0.006708860397338867,
            "8_join": 0.00649714469909668,
            "9_filter": 0.011209964752197266,
            "10_fill": 0.004857778549194336,
            "11_merge": 0.005939960479736328,
            "12_copy": 0.005176067352294922,
            "13_select": 0.005135774612426758
        },
        "join_text_units_to_entity_ids": {
            "overall": 0.023745059967041016,
            "0_select": 0.0054666996002197266,
            "1_unroll": 0.006025075912475586,
            "2_aggregate_override": 0.006845951080322266
        },
        "create_final_relationships": {
            "overall": 0.08768010139465332,
            "0_unpack_graph": 0.013705015182495117,
            "1_filter": 0.014333248138427734,
            "2_rename": 0.00603485107421875,
            "3_filter": 0.01465296745300293,
            "4_drop": 0.006309032440185547,
            "5_compute_edge_combined_degree": 0.007395029067993164,
            "6_convert": 0.012975931167602539,
            "7_convert": 0.006543874740600586
        },
        "join_text_units_to_relationship_ids": {
            "overall": 0.03550386428833008,
            "0_select": 0.006722211837768555,
            "1_unroll": 0.007155895233154297,
            "2_aggregate_override": 0.007892847061157227,
            "3_select": 0.007019996643066406
        },
        "create_final_community_reports": {
            "overall": 237.06988382339478,
            "0_prepare_community_reports_nodes": 0.00910186767578125,
            "1_prepare_community_reports_edges": 0.00799703598022461,
            "2_restore_community_hierarchy": 0.00890493392944336,
            "3_prepare_community_reports": 0.04883313179016113,
            "4_create_community_reports": 236.97400498390198,
            "5_window": 0.013813972473144531
        },
        "create_final_text_units": {
            "overall": 0.06674790382385254,
            "0_select": 0.008304119110107422,
            "1_rename": 0.008623123168945312,
            "2_join": 0.01057887077331543,
            "3_join": 0.010797977447509766,
            "4_aggregate_override": 0.01059722900390625,
            "5_select": 0.009580135345458984
        },
        "create_base_documents": {
            "overall": 0.10057806968688965,
            "0_unroll": 0.009407997131347656,
            "1_select": 0.009263992309570312,
            "2_rename": 0.009866952896118164,
            "3_join": 0.011313199996948242,
            "4_aggregate_override": 0.01022481918334961,
            "5_join": 0.01204824447631836,
            "6_rename": 0.009591102600097656,
            "7_convert": 0.0201570987701416
        },
        "create_final_documents": {
            "overall": 0.01886916160583496,
            "0_rename": 0.009316205978393555
        }
    }
}